{
  "title": "知识分类统计",
  "categories": [
    "北京",
    "上海",
    "深圳",
    "杭州",
    "南京",
    "苏州",
    "广州",
    "贵州",
    "银川",
    "西安",
    "重庆",
    "成都",
    "徐州",
    "庆阳",
    "兰州",
    "吴中",
    "乌海",
    "海口",
    "咸阳",
    "武汉",
    "中卫",
    "云南"
  ],
  "data": [
    5,
    20,
    36,
    10,
    10,
    20,
    5,
    20,
    36,
    10,
    10,
    20,
    5,
    20,
    36,
    10,
    10,
    20,
    5,
    20,
    36,
    10
  ],
  "data1": [
    "公共管理业务1",
    "基金财务业务2",
    "内控监督业务",
    "养老待遇业务",
    "医疗待遇业务",
    "工伤待遇业务"
  ],
  "data2": [
    "常见问题",
    "政策法规",
    "经办规程",
    "业务场景模拟"
  ],
  "datat": [
    "开班企业",
    "办理施工许可证",
    "获得电力",
    "获得用水",
    "获得网络",
    "不动产登记",
    "缴纳税费",
    "办理破产",
    "注销企业"
  ],
  "datat1": [
    51.23,
    138.45,
    101,
    94,
    90.44,
    130,
    110,
    100,
    46
  ],
  "datat2": [
    120,
    132,
    101.34,
    134,
    190,
    130,
    120,
    111,
    156
  ],
  "datat3": [
    120,
    232,
    201,
    134,
    290,
    130,
    220,
    223,
    266
  ],
  "datatt": [
    "北京",
    "上海",
    "深圳",
    "杭州",
    "哈哈",
    "呵呵",
    "哈哈",
    "呵呵",
    "预约"
  ],
  "lengthh": {
    "gg": [
      20,
      36,
      10,
      20,
      50,
      44
    ],
    "gg1": [
      54,
      20,
      3,
      10,
      10,
      45
    ],
    "gg2": [
      35,
      40,
      10,
      19,
      20,
      27
    ],
    "gg3": [
      5,
      20,
      36,
      15,
      20,
      51
    ]
  }
}